id,persona_name,tagline,age_range,gender,socio_professional_category,core_values,personality_traits,lifestyle,primary_motivation,secondary_motivation,buying_trigger,desired_transformation,cost_of_inaction,decision_making_style,preferred_content_format,ad_platform_priority,keywords_to_target,affiliate_notes,full_summary,product_url,product_summary,personas
1,"Ashley, 34 — Suburban Mom from Ohio",Health-first mom who buys electric brushes for the whole family after a scary dentist visit.,30–40,Female,"Elementary School Teacher | $45,000–$62,000/year","[""family health"",""value for money"",""prevention""]","[""research-driven"",""protective"",""brand-loyal""]","Manages household of 4, shops Amazon Prime, reads parenting blogs, values dentist recommendations.",Protect her kids from cavities and expensive dental procedures she can't easily afford.,Simplify the bedtime routine with a brush kids actually enjoy using.,Dentist warns her 7-year-old has early-stage gingivitis at routine checkup.,"Before: anxious about kids' dental bills and manual brushing battles. After: confident family routine, clean checkups, zero surprises.","One cavity filling per kid runs $150–$300 out-of-pocket; neglect compounds into $1,500+ orthodontic and periodontal costs.","Reads 20+ Amazon reviews, checks mommy blogs, then buys the dentist-recommended brand on sale.","[""Amazon reviews"",""YouTube tutorials"",""Pinterest infographics""]","[""Meta Ads"",""Pinterest Ads"",""Google Search""]","[""best electric toothbrush for kids 2026"",""dentist recommended toothbrush family"",""Oral-B kids vs Sonicare kids""]",Lead with pediatric dentist endorsement and family bundle deals; Amazon affiliate links with Subscribe & Save angle convert best.,Ashley is a 34-year-old Ohio teacher and protective mom whose dentist just flagged her child's gum health. Her #1 motivation is preventing costly pediatric dental procedures on a teacher's salary. She researches obsessively on Amazon and parenting blogs before committing. The affiliate play: dentist-endorsed family bundle content with Subscribe & Save framing drives her purchase decision instantly.,,,"{""id"":1,""persona_name"":""Ashley, 34 — Suburban Mom from Ohio"",""tagline"":""Health-first mom who buys electric brushes for the whole family after a scary dentist visit."",""age_range"":""30–40"",""gender"":""Female"",""socio_professional_category"":""Elementary School Teacher | $45,000–$62,000/year"",""core_values"":[""family health"",""value for money"",""prevention""],""personality_traits"":[""research-driven"",""protective"",""brand-loyal""],""lifestyle"":""Manages household of 4, shops Amazon Prime, reads parenting blogs, values dentist recommendations."",""primary_motivation"":""Protect her kids from cavities and expensive dental procedures she can't easily afford."",""secondary_motivation"":""Simplify the bedtime routine with a brush kids actually enjoy using."",""buying_trigger"":""Dentist warns her 7-year-old has early-stage gingivitis at routine checkup."",""desired_transformation"":""Before: anxious about kids' dental bills and manual brushing battles. After: confident family routine, clean checkups, zero surprises."",""cost_of_inaction"":""One cavity filling per kid runs $150–$300 out-of-pocket; neglect compounds into $1,500+ orthodontic and periodontal costs."",""decision_making_style"":""Reads 20+ Amazon reviews, checks mommy blogs, then buys the dentist-recommended brand on sale."",""preferred_content_format"":[""Amazon reviews"",""YouTube tutorials"",""Pinterest infographics""],""ad_platform_priority"":[""Meta Ads"",""Pinterest Ads"",""Google Search""],""keywords_to_target"":[""best electric toothbrush for kids 2026"",""dentist recommended toothbrush family"",""Oral-B kids vs Sonicare kids""],""affiliate_notes"":""Lead with pediatric dentist endorsement and family bundle deals; Amazon affiliate links with Subscribe & Save angle convert best."",""full_summary"":""Ashley is a 34-year-old Ohio teacher and protective mom whose dentist just flagged her child's gum health. Her #1 motivation is preventing costly pediatric dental procedures on a teacher's salary. She researches obsessively on Amazon and parenting blogs before committing. The affiliate play: dentist-endorsed family bundle content with Subscribe & Save framing drives her purchase decision instantly.""}"
2,"Marcus, 52 — Corporate Director from Atlanta",Status-conscious executive who treats his smile as a professional asset worth investing in.,48–58,Male,"Corporate Sales Director | $130,000–$180,000/year","[""professional image"",""performance"",""self-optimization""]","[""achievement-oriented"",""brand-conscious"",""efficiency-driven""]","Flies 80+ days/year, client dinners weekly, invests in premium grooming and health tech.","Maintain a confident, camera-ready smile that commands respect in boardrooms and on Zoom.",Justify premium spend through measurable health ROI data and clinical proof.,Notices teeth yellowing in a recorded Zoom presentation and feels professionally embarrassed.,"Before: self-conscious about smile in high-stakes meetings. After: projecting confidence with visibly whiter, healthier teeth.","Cosmetic whitening treatments run $500–$1,500 per session; gum recession risks his implant investment of $4,000+.","Skims WSJ-style reviews and Wirecutter, decides fast on premium models, ignores budget tiers.","[""Wirecutter reviews"",""LinkedIn articles"",""YouTube comparison videos""]","[""Google Search"",""LinkedIn Ads"",""YouTube Ads""]","[""best premium electric toothbrush 2026"",""Oral-B iO Series 9 review"",""electric toothbrush whitening results""]",Push Oral-B iO Series 9 or Sonicare DiamondClean with premium lifestyle imagery; ROI calculator content seals the deal for data-driven buyers.,"Marcus is a 52-year-old Atlanta sales director who sees his smile as a career asset. Triggered by a Zoom moment that exposed yellowing teeth, he'll spend $200+ without hesitation if the product signals premium quality. He trusts Wirecutter and clinical stats. Affiliate angle: luxury positioning with whitening proof and ROI framing converts this persona on first click.",,,"{""id"":2,""persona_name"":""Marcus, 52 — Corporate Director from Atlanta"",""tagline"":""Status-conscious executive who treats his smile as a professional asset worth investing in."",""age_range"":""48–58"",""gender"":""Male"",""socio_professional_category"":""Corporate Sales Director | $130,000–$180,000/year"",""core_values"":[""professional image"",""performance"",""self-optimization""],""personality_traits"":[""achievement-oriented"",""brand-conscious"",""efficiency-driven""],""lifestyle"":""Flies 80+ days/year, client dinners weekly, invests in premium grooming and health tech."",""primary_motivation"":""Maintain a confident, camera-ready smile that commands respect in boardrooms and on Zoom."",""secondary_motivation"":""Justify premium spend through measurable health ROI data and clinical proof."",""buying_trigger"":""Notices teeth yellowing in a recorded Zoom presentation and feels professionally embarrassed."",""desired_transformation"":""Before: self-conscious about smile in high-stakes meetings. After: projecting confidence with visibly whiter, healthier teeth."",""cost_of_inaction"":""Cosmetic whitening treatments run $500–$1,500 per session; gum recession risks his implant investment of $4,000+."",""decision_making_style"":""Skims WSJ-style reviews and Wirecutter, decides fast on premium models, ignores budget tiers."",""preferred_content_format"":[""Wirecutter reviews"",""LinkedIn articles"",""YouTube comparison videos""],""ad_platform_priority"":[""Google Search"",""LinkedIn Ads"",""YouTube Ads""],""keywords_to_target"":[""best premium electric toothbrush 2026"",""Oral-B iO Series 9 review"",""electric toothbrush whitening results""],""affiliate_notes"":""Push Oral-B iO Series 9 or Sonicare DiamondClean with premium lifestyle imagery; ROI calculator content seals the deal for data-driven buyers."",""full_summary"":""Marcus is a 52-year-old Atlanta sales director who sees his smile as a career asset. Triggered by a Zoom moment that exposed yellowing teeth, he'll spend $200+ without hesitation if the product signals premium quality. He trusts Wirecutter and clinical stats. Affiliate angle: luxury positioning with whitening proof and ROI framing converts this persona on first click.""}"
3,"Jordan, 26 — Fitness-Obsessed Millennial from Austin",Biohacker who optimizes everything from sleep to oral microbiome and wants the smartest brush on the market.,22–30,Male,"UX Designer | $75,000–$95,000/year","[""self-optimization"",""science-backed decisions"",""sustainability""]","[""data-driven"",""early adopter"",""skeptical of hype""]","Tracks macros, uses Oura Ring, subscribes to health newsletters, spends heavily on wellness tech.",Optimize every health metric including oral microbiome with AI-connected smart technology.,Reduce plastic waste through a more sustainable oral care routine.,Reads a Reddit thread on r/biohackers linking gum disease to cardiovascular inflammation markers.,Before: brushing on autopilot with no data feedback. After: tracking oral health scores weekly like a fitness KPI.,Ignoring gum-heart disease link risks long-term systemic inflammation that no supplement stack can fix.,"Deep Reddit dives, PubMed abstracts, then YouTuber unboxing before buying on launch day.","[""Reddit threads"",""YouTube unboxing/reviews"",""Science-backed blog posts""]","[""YouTube Ads"",""Reddit Ads"",""Google Search""]","[""electric toothbrush AI coaching app 2026"",""oral microbiome health electric brush"",""Oral-B iO vs Sonicare sonic technology""]",Lead with clinical study citations and Bluetooth app features; Reddit organic posts plus YouTube mid-roll ads targeting biohacking channels convert this segment.,Jordan is a 26-year-old Austin UX designer who treats his body like a system to optimize. He discovered the gum-heart disease connection on Reddit and immediately started researching AI-coached brushes. He's immune to marketing fluff but highly responsive to PubMed citations and app screenshots. Affiliate play: science-first content with Bluetooth feature demos and a Reddit presence drives high-intent conversions.,,,"{""id"":3,""persona_name"":""Jordan, 26 — Fitness-Obsessed Millennial from Austin"",""tagline"":""Biohacker who optimizes everything from sleep to oral microbiome and wants the smartest brush on the market."",""age_range"":""22–30"",""gender"":""Male"",""socio_professional_category"":""UX Designer | $75,000–$95,000/year"",""core_values"":[""self-optimization"",""science-backed decisions"",""sustainability""],""personality_traits"":[""data-driven"",""early adopter"",""skeptical of hype""],""lifestyle"":""Tracks macros, uses Oura Ring, subscribes to health newsletters, spends heavily on wellness tech."",""primary_motivation"":""Optimize every health metric including oral microbiome with AI-connected smart technology."",""secondary_motivation"":""Reduce plastic waste through a more sustainable oral care routine."",""buying_trigger"":""Reads a Reddit thread on r/biohackers linking gum disease to cardiovascular inflammation markers."",""desired_transformation"":""Before: brushing on autopilot with no data feedback. After: tracking oral health scores weekly like a fitness KPI."",""cost_of_inaction"":""Ignoring gum-heart disease link risks long-term systemic inflammation that no supplement stack can fix."",""decision_making_style"":""Deep Reddit dives, PubMed abstracts, then YouTuber unboxing before buying on launch day."",""preferred_content_format"":[""Reddit threads"",""YouTube unboxing/reviews"",""Science-backed blog posts""],""ad_platform_priority"":[""YouTube Ads"",""Reddit Ads"",""Google Search""],""keywords_to_target"":[""electric toothbrush AI coaching app 2026"",""oral microbiome health electric brush"",""Oral-B iO vs Sonicare sonic technology""],""affiliate_notes"":""Lead with clinical study citations and Bluetooth app features; Reddit organic posts plus YouTube mid-roll ads targeting biohacking channels convert this segment."",""full_summary"":""Jordan is a 26-year-old Austin UX designer who treats his body like a system to optimize. He discovered the gum-heart disease connection on Reddit and immediately started researching AI-coached brushes. He's immune to marketing fluff but highly responsive to PubMed citations and app screenshots. Affiliate play: science-first content with Bluetooth feature demos and a Reddit presence drives high-intent conversions.""}"
4,"Dorothy, 68 — Retired Nurse from Phoenix",Health-literate senior seeking an arthritis-friendly brush that her rheumatologist already endorses.,62–75,Female,"Retired RN | Fixed Income $38,000–$52,000/year","[""health preservation"",""medical credibility"",""ease of use""]","[""medically informed"",""cautious"",""routine-oriented""]","Medicare recipient, manages arthritis daily, shops QVC and Amazon, trusts doctor-endorsed products.",Maintain oral independence and avoid tooth loss that would require expensive implants on fixed income.,Relieve arthritic wrist pain caused by manual scrubbing twice daily.,Rheumatologist officially recommends an electric toothbrush at a routine joint management appointment.,"Before: painful brushing routine risking inadequate cleaning. After: effortless, complete clean without wrist strain.","A single dental implant costs $3,000–$5,000 — a financial catastrophe on Social Security-supplemented income.","Trusts doctor first, then calls her adult children to help research, then reads Amazon reviews aloud.","[""Amazon reviews"",""TV commercials"",""Doctor recommendation cards""]","[""Facebook Ads"",""Google Search"",""YouTube Ads""]","[""electric toothbrush for arthritis seniors"",""easy grip electric toothbrush elderly"",""best electric toothbrush Medicare patients""]",Target Facebook 60+ demographics with large-text ads emphasizing grip ergonomics and doctor endorsement; pair with Amazon affiliate link and simple CTA.,Dorothy is a 68-year-old retired Phoenix nurse managing arthritis on a fixed income. Her rheumatologist's direct recommendation is the single trigger that converts her. She fears tooth loss more than any other health cost. Affiliate play: Facebook ads targeting 60+ with doctor-endorsed messaging and easy Amazon checkout framing — adult children often complete the purchase on her behalf.,,,"{""id"":4,""persona_name"":""Dorothy, 68 — Retired Nurse from Phoenix"",""tagline"":""Health-literate senior seeking an arthritis-friendly brush that her rheumatologist already endorses."",""age_range"":""62–75"",""gender"":""Female"",""socio_professional_category"":""Retired RN | Fixed Income $38,000–$52,000/year"",""core_values"":[""health preservation"",""medical credibility"",""ease of use""],""personality_traits"":[""medically informed"",""cautious"",""routine-oriented""],""lifestyle"":""Medicare recipient, manages arthritis daily, shops QVC and Amazon, trusts doctor-endorsed products."",""primary_motivation"":""Maintain oral independence and avoid tooth loss that would require expensive implants on fixed income."",""secondary_motivation"":""Relieve arthritic wrist pain caused by manual scrubbing twice daily."",""buying_trigger"":""Rheumatologist officially recommends an electric toothbrush at a routine joint management appointment."",""desired_transformation"":""Before: painful brushing routine risking inadequate cleaning. After: effortless, complete clean without wrist strain."",""cost_of_inaction"":""A single dental implant costs $3,000–$5,000 — a financial catastrophe on Social Security-supplemented income."",""decision_making_style"":""Trusts doctor first, then calls her adult children to help research, then reads Amazon reviews aloud."",""preferred_content_format"":[""Amazon reviews"",""TV commercials"",""Doctor recommendation cards""],""ad_platform_priority"":[""Facebook Ads"",""Google Search"",""YouTube Ads""],""keywords_to_target"":[""electric toothbrush for arthritis seniors"",""easy grip electric toothbrush elderly"",""best electric toothbrush Medicare patients""],""affiliate_notes"":""Target Facebook 60+ demographics with large-text ads emphasizing grip ergonomics and doctor endorsement; pair with Amazon affiliate link and simple CTA."",""full_summary"":""Dorothy is a 68-year-old retired Phoenix nurse managing arthritis on a fixed income. Her rheumatologist's direct recommendation is the single trigger that converts her. She fears tooth loss more than any other health cost. Affiliate play: Facebook ads targeting 60+ with doctor-endorsed messaging and easy Amazon checkout framing — adult children often complete the purchase on her behalf.""}"
5,"Priya, 31 — Pregnant First-Timer from Seattle",Expectant mother alarmed by her OB's warning that pregnancy gingivitis can harm her baby.,28–36,Female,"Product Manager | $105,000–$130,000/year","[""baby safety"",""prevention"",""clinical evidence""]","[""anxious researcher"",""high-spending when stakes are high"",""community-driven""]","Tech-sector professional, heavy app user, active on BabyCenter and Reddit pregnancy subs, shops Wirecutter.",Eliminate pregnancy gingivitis risk after her OB linked untreated gum disease to preterm birth outcomes.,Build a healthy oral routine before the baby arrives to model good habits from day one.,OB-GYN mentions at 16-week appointment that gum inflammation is elevated and recommends electric brushing.,"Before: unaware that gum health affects pregnancy outcomes. After: proactive, confident oral routine protecting herself and her baby.",Untreated pregnancy gingivitis is linked in studies to preterm birth and low birth weight — risks no expectant mother accepts.,"Cross-references OB recommendation with BabyCenter forums, Wirecutter, and Amazon reviews before same-day Prime order.","[""BabyCenter articles"",""Instagram Reels"",""Amazon reviews""]","[""Meta Ads"",""Google Search"",""Pinterest Ads""]","[""electric toothbrush safe during pregnancy"",""pregnancy gingivitis prevention toothbrush"",""best toothbrush for sensitive gums pregnant""]",Target pregnancy-stage Facebook/Instagram audiences with OB-endorsed messaging and Sonicare sensitive mode angle; urgency is naturally high so clean CTA converts fast.,"Priya is a 31-year-old Seattle PM in her second trimester whose OB flagged elevated gum inflammation at a prenatal visit. She immediately cross-referenced the recommendation online and is ready to buy the same day. Her stakes are maximum — her baby's health. Affiliate play: pregnancy-safe content with OB-endorsed framing and Sonicare sensitive gum positioning drives fast, high-conviction conversion.",,,"{""id"":5,""persona_name"":""Priya, 31 — Pregnant First-Timer from Seattle"",""tagline"":""Expectant mother alarmed by her OB's warning that pregnancy gingivitis can harm her baby."",""age_range"":""28–36"",""gender"":""Female"",""socio_professional_category"":""Product Manager | $105,000–$130,000/year"",""core_values"":[""baby safety"",""prevention"",""clinical evidence""],""personality_traits"":[""anxious researcher"",""high-spending when stakes are high"",""community-driven""],""lifestyle"":""Tech-sector professional, heavy app user, active on BabyCenter and Reddit pregnancy subs, shops Wirecutter."",""primary_motivation"":""Eliminate pregnancy gingivitis risk after her OB linked untreated gum disease to preterm birth outcomes."",""secondary_motivation"":""Build a healthy oral routine before the baby arrives to model good habits from day one."",""buying_trigger"":""OB-GYN mentions at 16-week appointment that gum inflammation is elevated and recommends electric brushing."",""desired_transformation"":""Before: unaware that gum health affects pregnancy outcomes. After: proactive, confident oral routine protecting herself and her baby."",""cost_of_inaction"":""Untreated pregnancy gingivitis is linked in studies to preterm birth and low birth weight — risks no expectant mother accepts."",""decision_making_style"":""Cross-references OB recommendation with BabyCenter forums, Wirecutter, and Amazon reviews before same-day Prime order."",""preferred_content_format"":[""BabyCenter articles"",""Instagram Reels"",""Amazon reviews""],""ad_platform_priority"":[""Meta Ads"",""Google Search"",""Pinterest Ads""],""keywords_to_target"":[""electric toothbrush safe during pregnancy"",""pregnancy gingivitis prevention toothbrush"",""best toothbrush for sensitive gums pregnant""],""affiliate_notes"":""Target pregnancy-stage Facebook/Instagram audiences with OB-endorsed messaging and Sonicare sensitive mode angle; urgency is naturally high so clean CTA converts fast."",""full_summary"":""Priya is a 31-year-old Seattle PM in her second trimester whose OB flagged elevated gum inflammation at a prenatal visit. She immediately cross-referenced the recommendation online and is ready to buy the same day. Her stakes are maximum — her baby's health. Affiliate play: pregnancy-safe content with OB-endorsed framing and Sonicare sensitive gum positioning drives fast, high-conviction conversion.""}"
6,"Tyler, 22 — College Senior from Nashville",Budget-conscious student who wants a dentist-clean feel without paying for professional cleanings.,18–26,Male,"Part-Time Barista / Student | $14,000–$22,000/year","[""affordability"",""independence"",""looking good""]","[""price-sensitive"",""TikTok-influenced"",""socially motivated""]","Lives on ramen and Prime Student, follows dental TikTok trends, buys on impulse after viral content.",Get professionally clean teeth and a whiter smile on a student budget without dental appointments.,Impress dates and look good in photos without expensive whitening strips.,A TikTok 'dentist reacts' video goes viral showing how much plaque manual brushers miss daily.,Before: neglecting oral hygiene due to cost and indifference. After: daily habit with visible whitening results within weeks.,Skipping dental care now means first adult cavity at $200–$400 without insurance — a month of rent on a student budget.,"Impulse-buys after TikTok video, confirms with one Amazon review scan, uses student discount or coupon.","[""TikTok videos"",""YouTube Shorts"",""Amazon reviews""]","[""TikTok Ads"",""Instagram Ads"",""Amazon Sponsored""]","[""best cheap electric toothbrush under $50"",""Colgate hum vs Oral-B Pro 1000"",""electric toothbrush whitening before after""]",Run TikTok creative with dentist-creator format and target Oral-B Pro 1000 at $50 price point; Amazon affiliate with Prime Student angle maximizes student conversion rate.,Tyler is a 22-year-old Nashville student with $0 dental insurance and a tight budget who buys on TikTok impulse. He wants the whitening glow-up without the cost. A viral dentist TikTok is his trigger. Affiliate play: TikTok creator content targeting the $50 Oral-B Pro 1000 with Prime Student checkout and before/after whitening visuals drives his impulsive same-session purchase.,,,"{""id"":6,""persona_name"":""Tyler, 22 — College Senior from Nashville"",""tagline"":""Budget-conscious student who wants a dentist-clean feel without paying for professional cleanings."",""age_range"":""18–26"",""gender"":""Male"",""socio_professional_category"":""Part-Time Barista / Student | $14,000–$22,000/year"",""core_values"":[""affordability"",""independence"",""looking good""],""personality_traits"":[""price-sensitive"",""TikTok-influenced"",""socially motivated""],""lifestyle"":""Lives on ramen and Prime Student, follows dental TikTok trends, buys on impulse after viral content."",""primary_motivation"":""Get professionally clean teeth and a whiter smile on a student budget without dental appointments."",""secondary_motivation"":""Impress dates and look good in photos without expensive whitening strips."",""buying_trigger"":""A TikTok 'dentist reacts' video goes viral showing how much plaque manual brushers miss daily."",""desired_transformation"":""Before: neglecting oral hygiene due to cost and indifference. After: daily habit with visible whitening results within weeks."",""cost_of_inaction"":""Skipping dental care now means first adult cavity at $200–$400 without insurance — a month of rent on a student budget."",""decision_making_style"":""Impulse-buys after TikTok video, confirms with one Amazon review scan, uses student discount or coupon."",""preferred_content_format"":[""TikTok videos"",""YouTube Shorts"",""Amazon reviews""],""ad_platform_priority"":[""TikTok Ads"",""Instagram Ads"",""Amazon Sponsored""],""keywords_to_target"":[""best cheap electric toothbrush under $50"",""Colgate hum vs Oral-B Pro 1000"",""electric toothbrush whitening before after""],""affiliate_notes"":""Run TikTok creative with dentist-creator format and target Oral-B Pro 1000 at $50 price point; Amazon affiliate with Prime Student angle maximizes student conversion rate."",""full_summary"":""Tyler is a 22-year-old Nashville student with $0 dental insurance and a tight budget who buys on TikTok impulse. He wants the whitening glow-up without the cost. A viral dentist TikTok is his trigger. Affiliate play: TikTok creator content targeting the $50 Oral-B Pro 1000 with Prime Student checkout and before/after whitening visuals drives his impulsive same-session purchase.""}"
7,"Linda, 58 — Type 2 Diabetic from Houston",Diabetic patient whose endocrinologist linked her gum disease directly to worsening blood sugar control.,52–65,Female,"Office Administrator | $42,000–$58,000/year","[""disease management"",""doctor compliance"",""cost control""]","[""health-anxious"",""doctor-compliant"",""value-seeker""]","Manages multiple prescriptions, frequent medical appointments, shops Walmart and Amazon, watches daytime TV.",Control the gum-diabetes feedback loop that her endocrinologist confirmed is spiking her A1C readings.,Reduce out-of-pocket dental costs that compete with her prescription copays every month.,Endocrinologist presents printed clinical evidence linking periodontal disease to insulin resistance at A1C review.,Before: treating diabetes and gum disease as unrelated problems. After: one consistent electric brush habit improving both simultaneously.,"Uncontrolled gum disease worsens insulin resistance — leading to higher medication doses and $1,500+ annual periodontal treatment.","Acts on doctor's written recommendation, confirms on WebMD or Healthline, purchases through Amazon or Walmart.","[""WebMD articles"",""Facebook health groups"",""TV ads""]","[""Facebook Ads"",""Google Search"",""YouTube Ads""]","[""electric toothbrush diabetes gum disease"",""best toothbrush for diabetics periodontal"",""gum disease blood sugar connection""]",Target Facebook health condition audiences 50–65 with diabetes-specific editorial content; endocrinologist-voice messaging with Oral-B mid-range affiliate link converts this medically-motivated segment.,Linda is a 58-year-old Houston office admin managing Type 2 diabetes whose endocrinologist connected her periodontal inflammation to her A1C numbers. Her doctor's printed handout is her purchase trigger. She shops Amazon after WebMD confirmation. Affiliate play: diabetes-oral health editorial content with doctor-voice authority and mid-range Oral-B affiliate link targeting Facebook 50–65 health audiences.,,,"{""id"":7,""persona_name"":""Linda, 58 — Type 2 Diabetic from Houston"",""tagline"":""Diabetic patient whose endocrinologist linked her gum disease directly to worsening blood sugar control."",""age_range"":""52–65"",""gender"":""Female"",""socio_professional_category"":""Office Administrator | $42,000–$58,000/year"",""core_values"":[""disease management"",""doctor compliance"",""cost control""],""personality_traits"":[""health-anxious"",""doctor-compliant"",""value-seeker""],""lifestyle"":""Manages multiple prescriptions, frequent medical appointments, shops Walmart and Amazon, watches daytime TV."",""primary_motivation"":""Control the gum-diabetes feedback loop that her endocrinologist confirmed is spiking her A1C readings."",""secondary_motivation"":""Reduce out-of-pocket dental costs that compete with her prescription copays every month."",""buying_trigger"":""Endocrinologist presents printed clinical evidence linking periodontal disease to insulin resistance at A1C review."",""desired_transformation"":""Before: treating diabetes and gum disease as unrelated problems. After: one consistent electric brush habit improving both simultaneously."",""cost_of_inaction"":""Uncontrolled gum disease worsens insulin resistance — leading to higher medication doses and $1,500+ annual periodontal treatment."",""decision_making_style"":""Acts on doctor's written recommendation, confirms on WebMD or Healthline, purchases through Amazon or Walmart."",""preferred_content_format"":[""WebMD articles"",""Facebook health groups"",""TV ads""],""ad_platform_priority"":[""Facebook Ads"",""Google Search"",""YouTube Ads""],""keywords_to_target"":[""electric toothbrush diabetes gum disease"",""best toothbrush for diabetics periodontal"",""gum disease blood sugar connection""],""affiliate_notes"":""Target Facebook health condition audiences 50–65 with diabetes-specific editorial content; endocrinologist-voice messaging with Oral-B mid-range affiliate link converts this medically-motivated segment."",""full_summary"":""Linda is a 58-year-old Houston office admin managing Type 2 diabetes whose endocrinologist connected her periodontal inflammation to her A1C numbers. Her doctor's printed handout is her purchase trigger. She shops Amazon after WebMD confirmation. Affiliate play: diabetes-oral health editorial content with doctor-voice authority and mid-range Oral-B affiliate link targeting Facebook 50–65 health audiences.""}"
8,"Ethan, 38 — Eco-Conscious Dad from Portland",Sustainability-first parent replacing single-use plastic brushes with an electric solution for his whole household.,33–44,Male,"Environmental Consultant | $85,000–$110,000/year","[""environmental responsibility"",""conscious consumption"",""family wellness""]","[""principle-driven"",""research-intensive"",""brand-critical""]","Zero-waste household goals, shops EWG-verified products, reads Treehugger, composts, drives a hybrid.",Eliminate 20 annual plastic toothbrushes from his family's waste stream with one rechargeable handle solution.,Find a product that performs better and aligns with his identity as a responsible consumer.,Sees a documentary clip showing plastic toothbrushes washing up on Pacific coastlines; calculates his family's lifetime plastic footprint.,Before: buying disposable brushes guilt-ridden about plastic waste. After: 47% less plastic waste with a product he's proud to own.,Continuing with manual brushes means 80+ plastic brushes landfill-bound over 10 years — direct conflict with his stated values.,"Reads full lifecycle analysis, checks TerraCycle program availability, buys only from brands with documented sustainability commitments.","[""Long-form eco blogs"",""YouTube documentary-style content"",""Reddit r/ZeroWaste""]","[""Google Search"",""Reddit Ads"",""YouTube Ads""]","[""eco-friendly electric toothbrush 2026"",""electric toothbrush less plastic than manual"",""TerraCycle toothbrush recycling program""]",Lead with the 47% plastic reduction lifecycle data and TerraCycle partnership; bamboo-handle alternatives like Bam&boo as secondary affiliate offer increases cart value for this audience.,"Ethan is a 38-year-old Portland environmental consultant whose plastic guilt triggers his purchase after a documentary moment. He needs lifecycle data and TerraCycle proof before converting. Affiliate play: eco-editorial content with plastic comparison charts, TerraCycle program details, and bamboo brush upsell maximizes both conversion and affiliate commission from this high-research, principle-driven buyer.",,,"{""id"":8,""persona_name"":""Ethan, 38 — Eco-Conscious Dad from Portland"",""tagline"":""Sustainability-first parent replacing single-use plastic brushes with an electric solution for his whole household."",""age_range"":""33–44"",""gender"":""Male"",""socio_professional_category"":""Environmental Consultant | $85,000–$110,000/year"",""core_values"":[""environmental responsibility"",""conscious consumption"",""family wellness""],""personality_traits"":[""principle-driven"",""research-intensive"",""brand-critical""],""lifestyle"":""Zero-waste household goals, shops EWG-verified products, reads Treehugger, composts, drives a hybrid."",""primary_motivation"":""Eliminate 20 annual plastic toothbrushes from his family's waste stream with one rechargeable handle solution."",""secondary_motivation"":""Find a product that performs better and aligns with his identity as a responsible consumer."",""buying_trigger"":""Sees a documentary clip showing plastic toothbrushes washing up on Pacific coastlines; calculates his family's lifetime plastic footprint."",""desired_transformation"":""Before: buying disposable brushes guilt-ridden about plastic waste. After: 47% less plastic waste with a product he's proud to own."",""cost_of_inaction"":""Continuing with manual brushes means 80+ plastic brushes landfill-bound over 10 years — direct conflict with his stated values."",""decision_making_style"":""Reads full lifecycle analysis, checks TerraCycle program availability, buys only from brands with documented sustainability commitments."",""preferred_content_format"":[""Long-form eco blogs"",""YouTube documentary-style content"",""Reddit r/ZeroWaste""],""ad_platform_priority"":[""Google Search"",""Reddit Ads"",""YouTube Ads""],""keywords_to_target"":[""eco-friendly electric toothbrush 2026"",""electric toothbrush less plastic than manual"",""TerraCycle toothbrush recycling program""],""affiliate_notes"":""Lead with the 47% plastic reduction lifecycle data and TerraCycle partnership; bamboo-handle alternatives like Bam&boo as secondary affiliate offer increases cart value for this audience."",""full_summary"":""Ethan is a 38-year-old Portland environmental consultant whose plastic guilt triggers his purchase after a documentary moment. He needs lifecycle data and TerraCycle proof before converting. Affiliate play: eco-editorial content with plastic comparison charts, TerraCycle program details, and bamboo brush upsell maximizes both conversion and affiliate commission from this high-research, principle-driven buyer.""}"
9,"Sophia, 45 — Orthodontic Patient from Chicago","Adult Invisalign wearer whose orthodontist mandated an electric brush to protect her $6,000 aligner investment.",40–52,Female,"Marketing Manager | $90,000–$115,000/year","[""investment protection"",""appearance"",""expert compliance""]","[""appearance-motivated"",""financially calculated"",""expert-compliant""]","Urban professional, health club member, follows beauty and wellness influencers, shops Nordstrom and Amazon.","Protect her $6,000 Invisalign investment by preventing white-spot lesions that electric brushing alone prevents.",Complete her smile transformation with genuinely whiter teeth to maximize the aesthetic payoff of her aligner treatment.,Orthodontist hands her a printed protocol requiring electric brushing after every aligner removal during treatment.,"Before: risking enamel damage and white spots that would ruin her post-aligner results. After: completing treatment with pristine, whitened enamel.",White-spot lesions from inadequate brushing during Invisalign treatment require $200–$500 per tooth in cosmetic resin treatment.,"Follows orthodontist protocol strictly, asks Instagram beauty influencers for aesthetic recommendations, purchases premium without hesitation.","[""Instagram Reels"",""Orthodontist blog posts"",""Amazon reviews""]","[""Instagram Ads"",""Google Search"",""Pinterest Ads""]","[""best electric toothbrush for Invisalign 2026"",""electric toothbrush orthodontic mode braces"",""prevent white spots Invisalign brushing""]",Target orthodontic patient audiences with Invisalign-specific content; Oral-B iO orthodontic mode and whitening angle with Instagram lifestyle visuals drives premium purchase at full margin.,"Sophia is a 45-year-old Chicago marketing manager mid-way through a $6,000 Invisalign treatment. Her orthodontist's printed protocol is her non-negotiable trigger. She'll spend $200 on the best brush without blinking to protect her investment. Affiliate play: Invisalign-patient-specific content on Instagram and Google targeting orthodontic mode features and whitening results drives premium conversion with zero price resistance.",,,"{""id"":9,""persona_name"":""Sophia, 45 — Orthodontic Patient from Chicago"",""tagline"":""Adult Invisalign wearer whose orthodontist mandated an electric brush to protect her $6,000 aligner investment."",""age_range"":""40–52"",""gender"":""Female"",""socio_professional_category"":""Marketing Manager | $90,000–$115,000/year"",""core_values"":[""investment protection"",""appearance"",""expert compliance""],""personality_traits"":[""appearance-motivated"",""financially calculated"",""expert-compliant""],""lifestyle"":""Urban professional, health club member, follows beauty and wellness influencers, shops Nordstrom and Amazon."",""primary_motivation"":""Protect her $6,000 Invisalign investment by preventing white-spot lesions that electric brushing alone prevents."",""secondary_motivation"":""Complete her smile transformation with genuinely whiter teeth to maximize the aesthetic payoff of her aligner treatment."",""buying_trigger"":""Orthodontist hands her a printed protocol requiring electric brushing after every aligner removal during treatment."",""desired_transformation"":""Before: risking enamel damage and white spots that would ruin her post-aligner results. After: completing treatment with pristine, whitened enamel."",""cost_of_inaction"":""White-spot lesions from inadequate brushing during Invisalign treatment require $200–$500 per tooth in cosmetic resin treatment."",""decision_making_style"":""Follows orthodontist protocol strictly, asks Instagram beauty influencers for aesthetic recommendations, purchases premium without hesitation."",""preferred_content_format"":[""Instagram Reels"",""Orthodontist blog posts"",""Amazon reviews""],""ad_platform_priority"":[""Instagram Ads"",""Google Search"",""Pinterest Ads""],""keywords_to_target"":[""best electric toothbrush for Invisalign 2026"",""electric toothbrush orthodontic mode braces"",""prevent white spots Invisalign brushing""],""affiliate_notes"":""Target orthodontic patient audiences with Invisalign-specific content; Oral-B iO orthodontic mode and whitening angle with Instagram lifestyle visuals drives premium purchase at full margin."",""full_summary"":""Sophia is a 45-year-old Chicago marketing manager mid-way through a $6,000 Invisalign treatment. Her orthodontist's printed protocol is her non-negotiable trigger. She'll spend $200 on the best brush without blinking to protect her investment. Affiliate play: Invisalign-patient-specific content on Instagram and Google targeting orthodontic mode features and whitening results drives premium conversion with zero price resistance.""}"
10,"Raymond, 61 — Heart Disease Survivor from Minneapolis",Cardiac patient whose cardiologist prescribed aggressive oral hygiene after linking his gum infection to his heart attack.,55–70,Male,"Retired Electrical Engineer | $68,000–$85,000/year pension","[""survival"",""medical compliance"",""protecting family""]","[""fear-motivated"",""highly compliant"",""methodical""]","Post-cardiac rehab routine, Medicare/supplemental insurance, reads Mayo Clinic content, values trusted brands.",Eliminate oral bacteria that his cardiologist directly linked to his atrial fibrillation episode six months ago.,Demonstrate to his family that he is taking every prescribed preventive measure seriously after his health scare.,Cardiologist shows him the University of Glasgow study linking twice-daily electric brushing to 10% lower AFib risk at a follow-up.,"Before: terrified of a second cardiac event and unaware oral health was a factor. After: proactive, medically compliant, with measurable risk reduction.","A second cardiac hospitalization averages $30,000–$80,000 out-of-pocket even with Medicare — a devastating financial and physical toll.","Acts on cardiologist's explicit recommendation, verifies on Mayo Clinic website, asks his adult son to order the exact recommended model.","[""Mayo Clinic / WebMD articles"",""TV health segments"",""Amazon reviews""]","[""Facebook Ads"",""Google Search"",""YouTube Ads""]","[""electric toothbrush heart disease prevention"",""gum disease heart attack risk brush"",""best toothbrush for cardiac patients 2026""]",Target 55–70 male Facebook audiences with cardiologist-voice content citing the Glasgow AFib study; fear-to-hope narrative with Oral-B iO affiliate link and Amazon easy-order CTA drives high-urgency conversion.,"Raymond is a 61-year-old Minneapolis retiree and heart attack survivor whose cardiologist cited the Glasgow AFib study as direct motivation to switch. Fear of a second event is his overwhelming trigger — he will buy the exact recommended model immediately. Affiliate play: Facebook 55–70 male targeting with cardiologist-endorsed editorial content, AFib risk reduction statistics, and a frictionless Amazon Oral-B iO affiliate CTA converts this urgency-driven, medically-compliant buyer at maximum intent.",,,"{""id"":10,""persona_name"":""Raymond, 61 — Heart Disease Survivor from Minneapolis"",""tagline"":""Cardiac patient whose cardiologist prescribed aggressive oral hygiene after linking his gum infection to his heart attack."",""age_range"":""55–70"",""gender"":""Male"",""socio_professional_category"":""Retired Electrical Engineer | $68,000–$85,000/year pension"",""core_values"":[""survival"",""medical compliance"",""protecting family""],""personality_traits"":[""fear-motivated"",""highly compliant"",""methodical""],""lifestyle"":""Post-cardiac rehab routine, Medicare/supplemental insurance, reads Mayo Clinic content, values trusted brands."",""primary_motivation"":""Eliminate oral bacteria that his cardiologist directly linked to his atrial fibrillation episode six months ago."",""secondary_motivation"":""Demonstrate to his family that he is taking every prescribed preventive measure seriously after his health scare."",""buying_trigger"":""Cardiologist shows him the University of Glasgow study linking twice-daily electric brushing to 10% lower AFib risk at a follow-up."",""desired_transformation"":""Before: terrified of a second cardiac event and unaware oral health was a factor. After: proactive, medically compliant, with measurable risk reduction."",""cost_of_inaction"":""A second cardiac hospitalization averages $30,000–$80,000 out-of-pocket even with Medicare — a devastating financial and physical toll."",""decision_making_style"":""Acts on cardiologist's explicit recommendation, verifies on Mayo Clinic website, asks his adult son to order the exact recommended model."",""preferred_content_format"":[""Mayo Clinic / WebMD articles"",""TV health segments"",""Amazon reviews""],""ad_platform_priority"":[""Facebook Ads"",""Google Search"",""YouTube Ads""],""keywords_to_target"":[""electric toothbrush heart disease prevention"",""gum disease heart attack risk brush"",""best toothbrush for cardiac patients 2026""],""affiliate_notes"":""Target 55–70 male Facebook audiences with cardiologist-voice content citing the Glasgow AFib study; fear-to-hope narrative with Oral-B iO affiliate link and Amazon easy-order CTA drives high-urgency conversion."",""full_summary"":""Raymond is a 61-year-old Minneapolis retiree and heart attack survivor whose cardiologist cited the Glasgow AFib study as direct motivation to switch. Fear of a second event is his overwhelming trigger — he will buy the exact recommended model immediately. Affiliate play: Facebook 55–70 male targeting with cardiologist-endorsed editorial content, AFib risk reduction statistics, and a frictionless Amazon Oral-B iO affiliate CTA converts this urgency-driven, medically-compliant buyer at maximum intent.""}"