persona_name,content_theme,product_name,product_url
"Ashley, 34 — Ohio Teacher & Mom",Family Health Protection on a Budget,Aquasonic Black Series Ultra Whitening Toothbrush,https://amzn.to/3PFV8Tm
"Marcus, 52 — Atlanta Sales Director",Premium Appearance & Professional ROI,Philips Sonicare DiamondClean Prestige 9900 Rechargeable Electric Toothbrush with SenseIQ,https://amzn.to/4tgErfv
"Jordan, 26 — Austin UX Designer",Biohacking & Science-Driven Optimization,Philips Sonicare 7300 Series Electric Toothbrush,https://amzn.to/4sc30tk
"Dorothy, 68 — Retired Phoenix Nurse",Doctor-Endorsed Senior Health & Accessibility,Philips Sonicare 4100 Rechargeable,https://amzn.to/4dWjTEK
"Priya, 31 — Seattle PM, Pregnant",Maternal & Prenatal Health Safety,Oral-B Pro 1000,https://amzn.to/4m52Q5z
"Tyler, 22 — Nashville Student",Budget Beauty & Viral Social Transformation,Philips Sonicare 4100 Series - Rose,https://amzn.to/4cjbZUF
"Linda, 58 — Houston Office Admin",Chronic Disease Management & Systemic Health,Philips Sonicare ProtectiveClean 5300,https://amzn.to/3Qcd2x0
"Ethan, 38 — Portland Env. Consultant",Sustainability & Eco-Conscious Consumption,RANVOO AirJet X5,https://amzn.to/4bJfVho
"Sophia, 45 — Chicago Marketing Manager",Orthodontic Investment Protection & Results,Oral-B iO 9,https://amzn.to/3Og0eFk
"Raymond, 61 — Minneapolis Retiree",Cardiac Risk Reduction & Medical Urgency,"Philips Sonicare ProtectiveClean 6500 Rechargeable Electric Toothbrush, with Pressure Sensor",https://amzn.to/47zRn80